{
  "model/models-dbg.js": 1678822806463,
  "model/models.js": 1678822806463,
  "controller/USAGE/usageOverview.controller.js": 1678823108010,
  "controller/TrackReq/Requests.controller.js": 1678823102286,
  "controller/MANAGE/manageUsers.controller.js": 1681386501751,
  "controller/MANAGE/editUsersRoles.controller.js": 1681054042422,
  "controller/MANAGE/createUser.controller.js": 1681054924818,
  "controller/MANAGE/createBrakesUser.controller.js": 1678823087106,
  "controller/Home/Dashboard.controller.js": 1678823087106,
  "controller/CPEA/landingPage.controller.js": 1681392679342,
  "controller/CPEA/customerOverview.controller.js": 1678822977417,
  "controller/CPEA/customerDetail.controller.js": 1678822972313,
  "controller/CONFIG/configTree.controller.js": 1678822965352,
  "utils/locate-reuse-libs.js": 1678822806459,
  "manifest.json": 1681392746305,
  "controller/View1.controller.js": 1678822806471,
  "controller/NotSubscribed.controller.js": 1678823118270,
  "controller/App.controller.js": 1678822915412,
  "Component.js": 1678822806451,
  "Component-preload.js": 1681392747994,
  "controller/MANAGE/manageUsers-dbg.controller.js": 1681386501751,
  "controller/TrackReq/Requests-dbg.controller.js": 1678823102286,
  "controller/USAGE/usageOverview-dbg.controller.js": 1678823108010,
  "controller/MANAGE/editUsersRoles-dbg.controller.js": 1681054042422,
  "controller/MANAGE/createUser-dbg.controller.js": 1681054924818,
  "controller/MANAGE/createBrakesUser-dbg.controller.js": 1678823087106,
  "controller/Home/Dashboard-dbg.controller.js": 1678823087106,
  "controller/CPEA/landingPage-dbg.controller.js": 1681392679342,
  "controller/CPEA/customerOverview-dbg.controller.js": 1678822977417,
  "controller/CPEA/customerDetail-dbg.controller.js": 1678822972313,
  "controller/CONFIG/configTree-dbg.controller.js": 1678822965352,
  "utils/locate-reuse-libs-dbg.js": 1678822806459,
  "i18n/i18n.properties": 1678822834407,
  "controller/View1-dbg.controller.js": 1678822806471,
  "controller/NotSubscribed-dbg.controller.js": 1678823118270,
  "controller/App-dbg.controller.js": 1678822915412,
  "Component-dbg.js": 1678822806451,
  "view/USAGE/usageOverview.view.xml": 1678823403597,
  "view/TrackReq/Requests.view.xml": 1678823391161,
  "view/MANAGE/manageUsers.view.xml": 1681054240835,
  "view/MANAGE/editUsersRoles.view.xml": 1681054197823,
  "view/MANAGE/createUser.view.xml": 1681054857506,
  "view/MANAGE/createBrakesUser.view.xml": 1678823365412,
  "view/Home/Dashboard.view.xml": 1678823358524,
  "view/CPEA/landingPage.view.xml": 1681392223148,
  "view/CPEA/customerOverview.view.xml": 1678823345328,
  "view/CPEA/customerDetail.view.xml": 1678823340456,
  "view/CONFIG/configTree.view.xml": 1678823330964,
  "fragments/TrackReq/requestList.fragment.xml": 1678823147882,
  "fragments/TrackReq/filter.fragment.xml": 1678823147878,
  "view/View1.view.xml": 1678823420189,
  "view/NotSubscribed.view.xml": 1678823312968,
  "view/App.view.xml": 1678823839209,
  "images/simple-icon.png": 1678823198815,
  "images/new-icon.png": 1678823198815,
  "images/new-icon-white.png": 1678823198811,
  "images/new-icon-black.png": 1678823198807,
  "images/cloudtagline.png": 1678823198803,
  "images/cloudlogo.png": 1678823198799,
  "fragments/sidebar.fragment.xml": 1678823147886,
  "fragments/createNewUser.fragment.xml": 1678823147886,
  "fragments/appHeader.fragment.xml": 1678823147882,
  "fragments/PasswordHelpPopover.fragment.xml": 1680968340335,
  "css/style.css": 1681215222147,
  "index.html": 1678822806451
}